id,word,length,frequency,SQL
1,die,3,527056159,"INSERT INTO words (id, word, length, frequency) VALUES (1, ""die"", 3, 527056159);"
2,und,3,488790440,"INSERT INTO words (id, word, length, frequency) VALUES (2, ""und"", 3, 488790440);"
3,der,3,477357554,"INSERT INTO words (id, word, length, frequency) VALUES (3, ""der"", 3, 477357554);"
4,in,2,267256433,"INSERT INTO words (id, word, length, frequency) VALUES (4, ""in"", 2, 267256433);"
5,das,3,201678723,"INSERT INTO words (id, word, length, frequency) VALUES (5, ""das"", 3, 201678723);"
6,den,3,179276860,"INSERT INTO words (id, word, length, frequency) VALUES (6, ""den"", 3, 179276860);"
7,zu,2,173178704,"INSERT INTO words (id, word, length, frequency) VALUES (7, ""zu"", 2, 173178704);"
8,mit,3,168108251,"INSERT INTO words (id, word, length, frequency) VALUES (8, ""mit"", 3, 168108251);"
9,ist,3,162122156,"INSERT INTO words (id, word, length, frequency) VALUES (9, ""ist"", 3, 162122156);"
10,von,3,154642196,"INSERT INTO words (id, word, length, frequency) VALUES (10, ""von"", 3, 154642196);"
11,für,4,132395842,"INSERT INTO words (id, word, length, frequency) VALUES (11, ""für"", 4, 132395842);"
12,auf,3,128403397,"INSERT INTO words (id, word, length, frequency) VALUES (12, ""auf"", 3, 128403397);"
13,nicht,5,125735767,"INSERT INTO words (id, word, length, frequency) VALUES (13, ""nicht"", 5, 125735767);"
14,es,2,125610823,"INSERT INTO words (id, word, length, frequency) VALUES (14, ""es"", 2, 125610823);"
15,ein,3,124208637,"INSERT INTO words (id, word, length, frequency) VALUES (15, ""ein"", 3, 124208637);"
16,im,2,122763935,"INSERT INTO words (id, word, length, frequency) VALUES (16, ""im"", 2, 122763935);"
17,auch,4,122695302,"INSERT INTO words (id, word, length, frequency) VALUES (17, ""auch"", 4, 122695302);"
18,sich,4,118016482,"INSERT INTO words (id, word, length, frequency) VALUES (18, ""sich"", 4, 118016482);"
19,ich,3,116607908,"INSERT INTO words (id, word, length, frequency) VALUES (19, ""ich"", 3, 116607908);"
20,sie,3,115394863,"INSERT INTO words (id, word, length, frequency) VALUES (20, ""sie"", 3, 115394863);"
21,eine,4,110046318,"INSERT INTO words (id, word, length, frequency) VALUES (21, ""eine"", 4, 110046318);"
22,dem,3,96322184,"INSERT INTO words (id, word, length, frequency) VALUES (22, ""dem"", 3, 96322184);"
23,des,3,95346208,"INSERT INTO words (id, word, length, frequency) VALUES (23, ""des"", 3, 95346208);"
24,an,2,77791338,"INSERT INTO words (id, word, length, frequency) VALUES (24, ""an"", 2, 77791338);"
25,als,3,77440658,"INSERT INTO words (id, word, length, frequency) VALUES (25, ""als"", 3, 77440658);"
26,werden,6,71702746,"INSERT INTO words (id, word, length, frequency) VALUES (26, ""werden"", 6, 71702746);"
27,bei,3,71353746,"INSERT INTO words (id, word, length, frequency) VALUES (27, ""bei"", 3, 71353746);"
28,sind,4,64124366,"INSERT INTO words (id, word, length, frequency) VALUES (28, ""sind"", 4, 64124366);"
29,dass,4,63700459,"INSERT INTO words (id, word, length, frequency) VALUES (29, ""dass"", 4, 63700459);"
30,so,2,63657852,"INSERT INTO words (id, word, length, frequency) VALUES (30, ""so"", 2, 63657852);"
31,oder,4,63629965,"INSERT INTO words (id, word, length, frequency) VALUES (31, ""oder"", 4, 63629965);"
32,wie,3,63473313,"INSERT INTO words (id, word, length, frequency) VALUES (32, ""wie"", 3, 63473313);"
33,aus,3,63325510,"INSERT INTO words (id, word, length, frequency) VALUES (33, ""aus"", 3, 63325510);"
34,wir,3,59393319,"INSERT INTO words (id, word, length, frequency) VALUES (34, ""wir"", 3, 59393319);"
35,aber,4,58563134,"INSERT INTO words (id, word, length, frequency) VALUES (35, ""aber"", 4, 58563134);"
36,wird,4,58544530,"INSERT INTO words (id, word, length, frequency) VALUES (36, ""wird"", 4, 58544530);"
37,nach,4,57657400,"INSERT INTO words (id, word, length, frequency) VALUES (37, ""nach"", 4, 57657400);"
38,man,3,56423064,"INSERT INTO words (id, word, length, frequency) VALUES (38, ""man"", 3, 56423064);"
39,er,2,56210928,"INSERT INTO words (id, word, length, frequency) VALUES (39, ""er"", 2, 56210928);"
40,hat,3,53998460,"INSERT INTO words (id, word, length, frequency) VALUES (40, ""hat"", 3, 53998460);"
41,noch,4,53371073,"INSERT INTO words (id, word, length, frequency) VALUES (41, ""noch"", 4, 53371073);"
42,einen,5,50628252,"INSERT INTO words (id, word, length, frequency) VALUES (42, ""einen"", 5, 50628252);"
43,nur,3,49240747,"INSERT INTO words (id, word, length, frequency) VALUES (43, ""nur"", 3, 49240747);"
44,um,2,48971191,"INSERT INTO words (id, word, length, frequency) VALUES (44, ""um"", 2, 48971191);"
45,am,2,48218904,"INSERT INTO words (id, word, length, frequency) VALUES (45, ""am"", 2, 48218904);"
46,einer,5,47944903,"INSERT INTO words (id, word, length, frequency) VALUES (46, ""einer"", 5, 47944903);"
47,zum,3,47209465,"INSERT INTO words (id, word, length, frequency) VALUES (47, ""zum"", 3, 47209465);"
48,kann,4,45119388,"INSERT INTO words (id, word, length, frequency) VALUES (48, ""kann"", 4, 45119388);"
49,einem,5,43899635,"INSERT INTO words (id, word, length, frequency) VALUES (49, ""einem"", 5, 43899635);"
50,über,5,43541965,"INSERT INTO words (id, word, length, frequency) VALUES (50, ""über"", 5, 43541965);"
51,war,3,41900214,"INSERT INTO words (id, word, length, frequency) VALUES (51, ""war"", 3, 41900214);"
52,wenn,4,41074598,"INSERT INTO words (id, word, length, frequency) VALUES (52, ""wenn"", 4, 41074598);"
53,haben,5,40236664,"INSERT INTO words (id, word, length, frequency) VALUES (53, ""haben"", 5, 40236664);"
54,durch,5,38149345,"INSERT INTO words (id, word, length, frequency) VALUES (54, ""durch"", 5, 38149345);"
55,dann,4,36722348,"INSERT INTO words (id, word, length, frequency) VALUES (55, ""dann"", 4, 36722348);"
56,vor,3,36163025,"INSERT INTO words (id, word, length, frequency) VALUES (56, ""vor"", 3, 36163025);"
57,zur,3,35526682,"INSERT INTO words (id, word, length, frequency) VALUES (57, ""zur"", 3, 35526682);"
58,mehr,4,34735137,"INSERT INTO words (id, word, length, frequency) VALUES (58, ""mehr"", 4, 34735137);"
59,was,3,34613950,"INSERT INTO words (id, word, length, frequency) VALUES (59, ""was"", 3, 34613950);"
60,diese,5,32103304,"INSERT INTO words (id, word, length, frequency) VALUES (60, ""diese"", 5, 32103304);"
61,da,2,30954655,"INSERT INTO words (id, word, length, frequency) VALUES (61, ""da"", 2, 30954655);"
62,können,7,30257832,"INSERT INTO words (id, word, length, frequency) VALUES (62, ""können"", 7, 30257832);"
63,schon,5,29758652,"INSERT INTO words (id, word, length, frequency) VALUES (63, ""schon"", 5, 29758652);"
64,sein,4,29687214,"INSERT INTO words (id, word, length, frequency) VALUES (64, ""sein"", 4, 29687214);"
65,bis,3,28762499,"INSERT INTO words (id, word, length, frequency) VALUES (65, ""bis"", 3, 28762499);"
66,wurde,5,27853955,"INSERT INTO words (id, word, length, frequency) VALUES (66, ""wurde"", 5, 27853955);"
67,hier,4,26999088,"INSERT INTO words (id, word, length, frequency) VALUES (67, ""hier"", 4, 26999088);"
68,sehr,4,26746879,"INSERT INTO words (id, word, length, frequency) VALUES (68, ""sehr"", 4, 26746879);"
69,wieder,6,26713329,"INSERT INTO words (id, word, length, frequency) VALUES (69, ""wieder"", 6, 26713329);"
70,immer,5,25811967,"INSERT INTO words (id, word, length, frequency) VALUES (70, ""immer"", 5, 25811967);"
71,uns,3,24311040,"INSERT INTO words (id, word, length, frequency) VALUES (71, ""uns"", 3, 24311040);"
72,ihr,3,23691425,"INSERT INTO words (id, word, length, frequency) VALUES (72, ""ihr"", 3, 23691425);"
73,mir,3,23423114,"INSERT INTO words (id, word, length, frequency) VALUES (73, ""mir"", 3, 23423114);"
74,mal,3,22160353,"INSERT INTO words (id, word, length, frequency) VALUES (74, ""mal"", 3, 22160353);"
75,ihre,4,22074171,"INSERT INTO words (id, word, length, frequency) VALUES (75, ""ihre"", 4, 22074171);"
76,alle,4,22039875,"INSERT INTO words (id, word, length, frequency) VALUES (76, ""alle"", 4, 22039875);"
77,dieser,6,22011946,"INSERT INTO words (id, word, length, frequency) VALUES (77, ""dieser"", 6, 22011946);"
78,doch,4,21744708,"INSERT INTO words (id, word, length, frequency) VALUES (78, ""doch"", 4, 21744708);"
79,habe,4,21635781,"INSERT INTO words (id, word, length, frequency) VALUES (79, ""habe"", 4, 21635781);"
80,gibt,4,21453915,"INSERT INTO words (id, word, length, frequency) VALUES (80, ""gibt"", 4, 21453915);"
81,vom,3,21352952,"INSERT INTO words (id, word, length, frequency) VALUES (81, ""vom"", 3, 21352952);"
82,mich,4,20689740,"INSERT INTO words (id, word, length, frequency) VALUES (82, ""mich"", 4, 20689740);"
83,unter,5,20676744,"INSERT INTO words (id, word, length, frequency) VALUES (83, ""unter"", 5, 20676744);"
84,du,2,18595011,"INSERT INTO words (id, word, length, frequency) VALUES (84, ""du"", 2, 18595011);"
85,ja,2,18540785,"INSERT INTO words (id, word, length, frequency) VALUES (85, ""ja"", 2, 18540785);"
86,keine,5,17319218,"INSERT INTO words (id, word, length, frequency) VALUES (86, ""keine"", 5, 17319218);"
87,gut,3,16918288,"INSERT INTO words (id, word, length, frequency) VALUES (87, ""gut"", 3, 16918288);"
88,damit,5,16734983,"INSERT INTO words (id, word, length, frequency) VALUES (88, ""damit"", 5, 16734983);"
89,hatte,5,16295008,"INSERT INTO words (id, word, length, frequency) VALUES (89, ""hatte"", 5, 16295008);"
90,ganz,4,16260980,"INSERT INTO words (id, word, length, frequency) VALUES (90, ""ganz"", 4, 16260980);"
91,beim,4,16047323,"INSERT INTO words (id, word, length, frequency) VALUES (91, ""beim"", 4, 16047323);"
92,eines,5,16033620,"INSERT INTO words (id, word, length, frequency) VALUES (92, ""eines"", 5, 16033620);"
93,denn,4,15985544,"INSERT INTO words (id, word, length, frequency) VALUES (93, ""denn"", 4, 15985544);"
94,muss,4,15968164,"INSERT INTO words (id, word, length, frequency) VALUES (94, ""muss"", 4, 15968164);"
95,nun,3,15823717,"INSERT INTO words (id, word, length, frequency) VALUES (95, ""nun"", 3, 15823717);"
96,Zeit,4,15689672,"INSERT INTO words (id, word, length, frequency) VALUES (96, ""Zeit"", 4, 15689672);"
97,seine,5,15578168,"INSERT INTO words (id, word, length, frequency) VALUES (97, ""seine"", 5, 15578168);"
98,jetzt,5,14970087,"INSERT INTO words (id, word, length, frequency) VALUES (98, ""jetzt"", 5, 14970087);"
99,etwas,5,14901416,"INSERT INTO words (id, word, length, frequency) VALUES (99, ""etwas"", 5, 14901416);"
100,gegen,5,14795923,"INSERT INTO words (id, word, length, frequency) VALUES (100, ""gegen"", 5, 14795923);"
101,dabei,5,14637758,"INSERT INTO words (id, word, length, frequency) VALUES (101, ""dabei"", 5, 14637758);"
102,also,4,14541743,"INSERT INTO words (id, word, length, frequency) VALUES (102, ""also"", 4, 14541743);"
103,viel,4,14403221,"INSERT INTO words (id, word, length, frequency) VALUES (103, ""viel"", 4, 14403221);"
104,diesem,6,14362931,"INSERT INTO words (id, word, length, frequency) VALUES (104, ""diesem"", 6, 14362931);"
105,ab,2,13958579,"INSERT INTO words (id, word, length, frequency) VALUES (105, ""ab"", 2, 13958579);"
106,viele,5,13878923,"INSERT INTO words (id, word, length, frequency) VALUES (106, ""viele"", 5, 13878923);"
107,zwei,4,13697187,"INSERT INTO words (id, word, length, frequency) VALUES (107, ""zwei"", 4, 13697187);"
108,anderen,7,13692064,"INSERT INTO words (id, word, length, frequency) VALUES (108, ""anderen"", 7, 13692064);"
109,ohne,4,13430780,"INSERT INTO words (id, word, length, frequency) VALUES (109, ""ohne"", 4, 13430780);"
110,selbst,6,13401697,"INSERT INTO words (id, word, length, frequency) VALUES (110, ""selbst"", 6, 13401697);"
111,alles,5,13112041,"INSERT INTO words (id, word, length, frequency) VALUES (111, ""alles"", 5, 13112041);"
112,sowie,5,13092545,"INSERT INTO words (id, word, length, frequency) VALUES (112, ""sowie"", 5, 13092545);"
113,Menschen,8,13090468,"INSERT INTO words (id, word, length, frequency) VALUES (113, ""Menschen"", 8, 13090468);"
114,waren,5,12931527,"INSERT INTO words (id, word, length, frequency) VALUES (114, ""waren"", 5, 12931527);"
115,seit,4,12877565,"INSERT INTO words (id, word, length, frequency) VALUES (115, ""seit"", 4, 12877565);"
116,einfach,7,12791885,"INSERT INTO words (id, word, length, frequency) VALUES (116, ""einfach"", 7, 12791885);"
117,geht,4,12768629,"INSERT INTO words (id, word, length, frequency) VALUES (117, ""geht"", 4, 12768629);"
118,Jahr,4,12762818,"INSERT INTO words (id, word, length, frequency) VALUES (118, ""Jahr"", 4, 12762818);"
119,dieses,6,12733271,"INSERT INTO words (id, word, length, frequency) VALUES (119, ""dieses"", 6, 12733271);"
120,heute,5,12672297,"INSERT INTO words (id, word, length, frequency) VALUES (120, ""heute"", 5, 12672297);"
121,sondern,7,12288226,"INSERT INTO words (id, word, length, frequency) VALUES (121, ""sondern"", 7, 12288226);"
122,neue,4,12169030,"INSERT INTO words (id, word, length, frequency) VALUES (122, ""neue"", 4, 12169030);"
123,wurden,6,12051708,"INSERT INTO words (id, word, length, frequency) VALUES (123, ""wurden"", 6, 12051708);"
124,Jahren,6,11995093,"INSERT INTO words (id, word, length, frequency) VALUES (124, ""Jahren"", 6, 11995093);"
125,bereits,7,11928294,"INSERT INTO words (id, word, length, frequency) VALUES (125, ""bereits"", 7, 11928294);"
126,machen,6,11875703,"INSERT INTO words (id, word, length, frequency) VALUES (126, ""machen"", 6, 11875703);"
127,sollte,6,11768102,"INSERT INTO words (id, word, length, frequency) VALUES (127, ""sollte"", 6, 11768102);"
128,ob,2,11724263,"INSERT INTO words (id, word, length, frequency) VALUES (128, ""ob"", 2, 11724263);"
129,weil,4,11468462,"INSERT INTO words (id, word, length, frequency) VALUES (129, ""weil"", 4, 11468462);"
130,soll,4,11402924,"INSERT INTO words (id, word, length, frequency) VALUES (130, ""soll"", 4, 11402924);"
131,ihrer,5,11390090,"INSERT INTO words (id, word, length, frequency) VALUES (131, ""ihrer"", 5, 11390090);"
132,ihren,5,11307168,"INSERT INTO words (id, word, length, frequency) VALUES (132, ""ihren"", 5, 11307168);"
133,dazu,4,11226163,"INSERT INTO words (id, word, length, frequency) VALUES (133, ""dazu"", 4, 11226163);"
134,dies,4,11185546,"INSERT INTO words (id, word, length, frequency) VALUES (134, ""dies"", 4, 11185546);"
135,ersten,6,10906924,"INSERT INTO words (id, word, length, frequency) VALUES (135, ""ersten"", 6, 10906924);"
136,zwischen,8,10844297,"INSERT INTO words (id, word, length, frequency) VALUES (136, ""zwischen"", 8, 10844297);"
137,ihnen,5,10684754,"INSERT INTO words (id, word, length, frequency) VALUES (137, ""ihnen"", 5, 10684754);"
138,bin,3,10624857,"INSERT INTO words (id, word, length, frequency) VALUES (138, ""bin"", 3, 10624857);"
139,lassen,6,10584014,"INSERT INTO words (id, word, length, frequency) VALUES (139, ""lassen"", 6, 10584014);"
140,andere,6,10512207,"INSERT INTO words (id, word, length, frequency) VALUES (140, ""andere"", 6, 10512207);"
141,meine,5,10458805,"INSERT INTO words (id, word, length, frequency) VALUES (141, ""meine"", 5, 10458805);"
142,seiner,6,10314961,"INSERT INTO words (id, word, length, frequency) VALUES (142, ""seiner"", 6, 10314961);"
143,Jahre,5,9874593,"INSERT INTO words (id, word, length, frequency) VALUES (143, ""Jahre"", 5, 9874593);"
144,unsere,6,9823401,"INSERT INTO words (id, word, length, frequency) VALUES (144, ""unsere"", 6, 9823401);"
145,leben,5,9806794,"INSERT INTO words (id, word, length, frequency) VALUES (145, ""leben"", 5, 9806794);"
146,wer,3,9717290,"INSERT INTO words (id, word, length, frequency) VALUES (146, ""wer"", 3, 9717290);"
147,neuen,5,9617311,"INSERT INTO words (id, word, length, frequency) VALUES (147, ""neuen"", 5, 9617311);"
148,weiter,6,9587805,"INSERT INTO words (id, word, length, frequency) VALUES (148, ""weiter"", 6, 9587805);"
149,kommt,5,9579839,"INSERT INTO words (id, word, length, frequency) VALUES (149, ""kommt"", 5, 9579839);"
150,müssen,7,9516884,"INSERT INTO words (id, word, length, frequency) VALUES (150, ""müssen"", 7, 9516884);"
151,einmal,6,9437305,"INSERT INTO words (id, word, length, frequency) VALUES (151, ""einmal"", 6, 9437305);"
152,wo,2,9420775,"INSERT INTO words (id, word, length, frequency) VALUES (152, ""wo"", 2, 9420775);"
153,dort,4,9365552,"INSERT INTO words (id, word, length, frequency) VALUES (153, ""dort"", 4, 9365552);"
154,erst,4,9338828,"INSERT INTO words (id, word, length, frequency) VALUES (154, ""erst"", 4, 9338828);"
155,kein,4,9291700,"INSERT INTO words (id, word, length, frequency) VALUES (155, ""kein"", 4, 9291700);"
156,natürlich,10,9225046,"INSERT INTO words (id, word, length, frequency) VALUES (156, ""natürlich"", 10, 9225046);"
157,ihn,3,9180662,"INSERT INTO words (id, word, length, frequency) VALUES (157, ""ihn"", 3, 9180662);"
158,diesen,6,9028469,"INSERT INTO words (id, word, length, frequency) VALUES (158, ""diesen"", 6, 9028469);"
159,jedoch,6,8850361,"INSERT INTO words (id, word, length, frequency) VALUES (159, ""jedoch"", 6, 8850361);"
160,konnte,6,8843894,"INSERT INTO words (id, word, length, frequency) VALUES (160, ""konnte"", 6, 8843894);"
161,ihm,3,8818710,"INSERT INTO words (id, word, length, frequency) VALUES (161, ""ihm"", 3, 8818710);"
162,würde,6,8764340,"INSERT INTO words (id, word, length, frequency) VALUES (162, ""würde"", 6, 8764340);"
163,finden,6,8713911,"INSERT INTO words (id, word, length, frequency) VALUES (163, ""finden"", 6, 8713911);"
164,drei,4,8684205,"INSERT INTO words (id, word, length, frequency) VALUES (164, ""drei"", 4, 8684205);"
165,seinen,6,8588300,"INSERT INTO words (id, word, length, frequency) VALUES (165, ""seinen"", 6, 8588300);"
166,will,4,8563540,"INSERT INTO words (id, word, length, frequency) VALUES (166, ""will"", 4, 8563540);"
167,nichts,6,8539745,"INSERT INTO words (id, word, length, frequency) VALUES (167, ""nichts"", 6, 8539745);"
168,uhr,3,8492900,"INSERT INTO words (id, word, length, frequency) VALUES (168, ""uhr"", 3, 8492900);"
169,macht,5,8481848,"INSERT INTO words (id, word, length, frequency) VALUES (169, ""macht"", 5, 8481848);"
170,allem,5,8294399,"INSERT INTO words (id, word, length, frequency) VALUES (170, ""allem"", 5, 8294399);"
171,sei,3,8292991,"INSERT INTO words (id, word, length, frequency) VALUES (171, ""sei"", 3, 8292991);"
172,Euro,4,8249839,"INSERT INTO words (id, word, length, frequency) VALUES (172, ""Euro"", 4, 8249839);"
173,wirklich,8,8121831,"INSERT INTO words (id, word, length, frequency) VALUES (173, ""wirklich"", 8, 8121831);"
174,ins,3,8111413,"INSERT INTO words (id, word, length, frequency) VALUES (174, ""ins"", 3, 8111413);"
175,steht,5,8068749,"INSERT INTO words (id, word, length, frequency) VALUES (175, ""steht"", 5, 8068749);"
176,kommen,6,7991114,"INSERT INTO words (id, word, length, frequency) VALUES (176, ""kommen"", 6, 7991114);"
177,daß,4,7955537,"INSERT INTO words (id, word, length, frequency) VALUES (177, ""daß"", 4, 7955537);"
178,gerade,6,7893774,"INSERT INTO words (id, word, length, frequency) VALUES (178, ""gerade"", 6, 7893774);"
179,Deutschland,11,7888129,"INSERT INTO words (id, word, length, frequency) VALUES (179, ""Deutschland"", 11, 7888129);"
180,während,8,7886715,"INSERT INTO words (id, word, length, frequency) VALUES (180, ""während"", 8, 7886715);"
181,Tag,3,7826404,"INSERT INTO words (id, word, length, frequency) VALUES (181, ""Tag"", 3, 7826404);"
182,allerdings,10,7802105,"INSERT INTO words (id, word, length, frequency) VALUES (182, ""allerdings"", 10, 7802105);"
183,Kinder,6,7799247,"INSERT INTO words (id, word, length, frequency) VALUES (183, ""Kinder"", 6, 7799247);"
184,dafür,6,7756085,"INSERT INTO words (id, word, length, frequency) VALUES (184, ""dafür"", 6, 7756085);"
185,wäre,5,7706939,"INSERT INTO words (id, word, length, frequency) VALUES (185, ""wäre"", 5, 7706939);"
186,welche,6,7686320,"INSERT INTO words (id, word, length, frequency) VALUES (186, ""welche"", 6, 7686320);"
187,Ende,4,7624024,"INSERT INTO words (id, word, length, frequency) VALUES (187, ""Ende"", 4, 7624024);"
188,wohl,4,7538960,"INSERT INTO words (id, word, length, frequency) VALUES (188, ""wohl"", 4, 7538960);"
189,mein,4,7521692,"INSERT INTO words (id, word, length, frequency) VALUES (189, ""mein"", 4, 7521692);"
190,einige,6,7435008,"INSERT INTO words (id, word, length, frequency) VALUES (190, ""einige"", 6, 7435008);"
191,Weg,3,7328048,"INSERT INTO words (id, word, length, frequency) VALUES (191, ""Weg"", 3, 7328048);"
192,jeder,5,7302780,"INSERT INTO words (id, word, length, frequency) VALUES (192, ""jeder"", 5, 7302780);"
193,letzten,7,7187526,"INSERT INTO words (id, word, length, frequency) VALUES (193, ""letzten"", 7, 7187526);"
194,sehen,5,7143925,"INSERT INTO words (id, word, length, frequency) VALUES (194, ""sehen"", 5, 7143925);"
195,allen,5,7120528,"INSERT INTO words (id, word, length, frequency) VALUES (195, ""allen"", 5, 7120528);"
196,weitere,7,7086359,"INSERT INTO words (id, word, length, frequency) VALUES (196, ""weitere"", 7, 7086359);"
197,besonders,9,7076311,"INSERT INTO words (id, word, length, frequency) VALUES (197, ""besonders"", 9, 7076311);"
198,zwar,4,6886172,"INSERT INTO words (id, word, length, frequency) VALUES (198, ""zwar"", 4, 6886172);"
199,neben,5,6868008,"INSERT INTO words (id, word, length, frequency) VALUES (199, ""neben"", 5, 6868008);"
200,vielen,6,6867682,"INSERT INTO words (id, word, length, frequency) VALUES (200, ""vielen"", 6, 6867682);"
201,vielleicht,10,6859242,"INSERT INTO words (id, word, length, frequency) VALUES (201, ""vielleicht"", 10, 6859242);"
202,beiden,6,6837223,"INSERT INTO words (id, word, length, frequency) VALUES (202, ""beiden"", 6, 6837223);"
203,Welt,4,6834127,"INSERT INTO words (id, word, length, frequency) VALUES (203, ""Welt"", 4, 6834127);"
204,ihrem,5,6732840,"INSERT INTO words (id, word, length, frequency) VALUES (204, ""ihrem"", 5, 6732840);"
205,unternehmen,11,6656828,"INSERT INTO words (id, word, length, frequency) VALUES (205, ""unternehmen"", 11, 6656828);"
206,wollen,6,6638675,"INSERT INTO words (id, word, length, frequency) VALUES (206, ""wollen"", 6, 6638675);"
207,liegt,5,6553546,"INSERT INTO words (id, word, length, frequency) VALUES (207, ""liegt"", 5, 6553546);"
208,Teil,4,6536149,"INSERT INTO words (id, word, length, frequency) VALUES (208, ""Teil"", 4, 6536149);"
209,seinem,6,6531944,"INSERT INTO words (id, word, length, frequency) VALUES (209, ""seinem"", 6, 6531944);"
210,stehen,6,6520717,"INSERT INTO words (id, word, length, frequency) VALUES (210, ""stehen"", 6, 6520717);"
211,bzw.,4,6452598,"INSERT INTO words (id, word, length, frequency) VALUES (211, ""bzw."", 4, 6452598);"
212,fast,4,6441440,"INSERT INTO words (id, word, length, frequency) VALUES (212, ""fast"", 4, 6441440);"
213,Stadt,5,6379613,"INSERT INTO words (id, word, length, frequency) VALUES (213, ""Stadt"", 5, 6379613);"
214,erste,5,6376661,"INSERT INTO words (id, word, length, frequency) VALUES (214, ""erste"", 5, 6376661);"
215,euch,4,6376558,"INSERT INTO words (id, word, length, frequency) VALUES (215, ""euch"", 4, 6376558);"
216,gar,3,6309929,"INSERT INTO words (id, word, length, frequency) VALUES (216, ""gar"", 3, 6309929);"
217,sogar,5,6306802,"INSERT INTO words (id, word, length, frequency) VALUES (217, ""sogar"", 5, 6306802);"
218,geben,5,6276523,"INSERT INTO words (id, word, length, frequency) VALUES (218, ""geben"", 5, 6276523);"
219,deutschen,9,6180542,"INSERT INTO words (id, word, length, frequency) VALUES (219, ""deutschen"", 9, 6180542);"
220,möglich,8,6177569,"INSERT INTO words (id, word, length, frequency) VALUES (220, ""möglich"", 8, 6177569);"
221,etwa,4,6170314,"INSERT INTO words (id, word, length, frequency) VALUES (221, ""etwa"", 4, 6170314);"
222,schnell,7,6167845,"INSERT INTO words (id, word, length, frequency) VALUES (222, ""schnell"", 7, 6167845);"
223,Seite,5,6165110,"INSERT INTO words (id, word, length, frequency) VALUES (223, ""Seite"", 5, 6165110);"
224,großen,7,6165055,"INSERT INTO words (id, word, length, frequency) VALUES (224, ""großen"", 7, 6165055);"
225,Frage,5,6153626,"INSERT INTO words (id, word, length, frequency) VALUES (225, ""Frage"", 5, 6153626);"
226,denen,5,6142522,"INSERT INTO words (id, word, length, frequency) VALUES (226, ""denen"", 5, 6142522);"
227,eigentlich,10,6141918,"INSERT INTO words (id, word, length, frequency) VALUES (227, ""eigentlich"", 10, 6141918);"
228,unserer,7,6139564,"INSERT INTO words (id, word, length, frequency) VALUES (228, ""unserer"", 7, 6139564);"
229,gehen,5,6123766,"INSERT INTO words (id, word, length, frequency) VALUES (229, ""gehen"", 5, 6123766);"
230,gute,4,6112390,"INSERT INTO words (id, word, length, frequency) VALUES (230, ""gute"", 4, 6112390);"
231,Arbeit,6,6110941,"INSERT INTO words (id, word, length, frequency) VALUES (231, ""Arbeit"", 6, 6110941);"
232,recht,5,6057430,"INSERT INTO words (id, word, length, frequency) VALUES (232, ""recht"", 5, 6057430);"
233,oft,3,6030186,"INSERT INTO words (id, word, length, frequency) VALUES (233, ""oft"", 3, 6030186);"
234,genau,5,5954108,"INSERT INTO words (id, word, length, frequency) VALUES (234, ""genau"", 5, 5954108);"
235,lange,5,5952272,"INSERT INTO words (id, word, length, frequency) VALUES (235, ""lange"", 5, 5952272);"
236,wenig,5,5923939,"INSERT INTO words (id, word, length, frequency) VALUES (236, ""wenig"", 5, 5923939);"
237,leider,6,5922393,"INSERT INTO words (id, word, length, frequency) VALUES (237, ""leider"", 6, 5922393);"
238,hatten,6,5870555,"INSERT INTO words (id, word, length, frequency) VALUES (238, ""hatten"", 6, 5870555);"
239,davon,5,5815860,"INSERT INTO words (id, word, length, frequency) VALUES (239, ""davon"", 5, 5815860);"
240,Thema,5,5814807,"INSERT INTO words (id, word, length, frequency) VALUES (240, ""Thema"", 5, 5814807);"
241,gemacht,7,5810657,"INSERT INTO words (id, word, length, frequency) VALUES (241, ""gemacht"", 7, 5810657);"
242,Fall,4,5797491,"INSERT INTO words (id, word, length, frequency) VALUES (242, ""Fall"", 4, 5797491);"
243,eigenen,7,5785538,"INSERT INTO words (id, word, length, frequency) VALUES (243, ""eigenen"", 7, 5785538);"
244,dir,3,5785125,"INSERT INTO words (id, word, length, frequency) VALUES (244, ""dir"", 3, 5785125);"
245,könnte,7,5777259,"INSERT INTO words (id, word, length, frequency) VALUES (245, ""könnte"", 7, 5777259);"
246,unser,5,5771092,"INSERT INTO words (id, word, length, frequency) VALUES (246, ""unser"", 5, 5771092);"
247,große,6,5760049,"INSERT INTO words (id, word, length, frequency) VALUES (247, ""große"", 6, 5760049);"
248,zusammen,8,5739304,"INSERT INTO words (id, word, length, frequency) VALUES (248, ""zusammen"", 8, 5739304);"
249,bietet,6,5690958,"INSERT INTO words (id, word, length, frequency) VALUES (249, ""bietet"", 6, 5690958);"
250,besser,6,5617018,"INSERT INTO words (id, word, length, frequency) VALUES (250, ""besser"", 6, 5617018);"
251,Frau,4,5610299,"INSERT INTO words (id, word, length, frequency) VALUES (251, ""Frau"", 4, 5610299);"
252,möchte,7,5583884,"INSERT INTO words (id, word, length, frequency) VALUES (252, ""möchte"", 7, 5583884);"
253,darauf,6,5562045,"INSERT INTO words (id, word, length, frequency) VALUES (253, ""darauf"", 6, 5562045);"
254,gab,3,5485703,"INSERT INTO words (id, word, length, frequency) VALUES (254, ""gab"", 3, 5485703);"
255,Spiel,5,5479154,"INSERT INTO words (id, word, length, frequency) VALUES (255, ""Spiel"", 5, 5479154);"
256,rund,4,5437449,"INSERT INTO words (id, word, length, frequency) VALUES (256, ""rund"", 4, 5437449);"
257,Art,3,5429867,"INSERT INTO words (id, word, length, frequency) VALUES (257, ""Art"", 3, 5429867);"
258,gleich,6,5350355,"INSERT INTO words (id, word, length, frequency) VALUES (258, ""gleich"", 6, 5350355);"
259,hätte,6,5342261,"INSERT INTO words (id, word, length, frequency) VALUES (259, ""hätte"", 6, 5342261);"
260,Platz,5,5325552,"INSERT INTO words (id, word, length, frequency) VALUES (260, ""Platz"", 5, 5325552);"
261,Prozent,7,5316649,"INSERT INTO words (id, word, length, frequency) VALUES (261, ""Prozent"", 7, 5316649);"
262,Beispiel,8,5308956,"INSERT INTO words (id, word, length, frequency) VALUES (262, ""Beispiel"", 8, 5308956);"
263,sicher,6,5275855,"INSERT INTO words (id, word, length, frequency) VALUES (263, ""sicher"", 6, 5275855);"
264,daher,5,5268996,"INSERT INTO words (id, word, length, frequency) VALUES (264, ""daher"", 5, 5268996);"
265,wissen,6,5240196,"INSERT INTO words (id, word, length, frequency) VALUES (265, ""wissen"", 6, 5240196);"
266,kleinen,7,5240002,"INSERT INTO words (id, word, length, frequency) VALUES (266, ""kleinen"", 7, 5240002);"
267,paar,4,5147022,"INSERT INTO words (id, word, length, frequency) VALUES (267, ""paar"", 4, 5147022);"
268,de,2,5141460,"INSERT INTO words (id, word, length, frequency) VALUES (268, ""de"", 2, 5141460);"
269,meiner,6,5139728,"INSERT INTO words (id, word, length, frequency) VALUES (269, ""meiner"", 6, 5139728);"
270,kam,3,5127160,"INSERT INTO words (id, word, length, frequency) VALUES (270, ""kam"", 3, 5127160);"
271,findet,6,5113448,"INSERT INTO words (id, word, length, frequency) VALUES (271, ""findet"", 6, 5113448);"
272,sagen,5,5110118,"INSERT INTO words (id, word, length, frequency) VALUES (272, ""sagen"", 5, 5110118);"
273,gerne,5,5084099,"INSERT INTO words (id, word, length, frequency) VALUES (273, ""gerne"", 5, 5084099);"
274,deshalb,7,5074246,"INSERT INTO words (id, word, length, frequency) VALUES (274, ""deshalb"", 7, 5074246);"
275,zurück,7,5069281,"INSERT INTO words (id, word, length, frequency) VALUES (275, ""zurück"", 7, 5069281);"
276,jeden,5,5060089,"INSERT INTO words (id, word, length, frequency) VALUES (276, ""jeden"", 5, 5060089);"
277,sollten,7,5059742,"INSERT INTO words (id, word, length, frequency) VALUES (277, ""sollten"", 7, 5059742);"
278,statt,5,5058266,"INSERT INTO words (id, word, length, frequency) VALUES (278, ""statt"", 5, 5058266);"
279,lässt,6,5006302,"INSERT INTO words (id, word, length, frequency) VALUES (279, ""lässt"", 6, 5006302);"
280,Liebe,5,5001629,"INSERT INTO words (id, word, length, frequency) VALUES (280, ""Liebe"", 5, 5001629);"
281,richtig,7,4974021,"INSERT INTO words (id, word, length, frequency) VALUES (281, ""richtig"", 7, 4974021);"
282,kleine,6,4947770,"INSERT INTO words (id, word, length, frequency) VALUES (282, ""kleine"", 6, 4947770);"
283,stellen,7,4938838,"INSERT INTO words (id, word, length, frequency) VALUES (283, ""stellen"", 7, 4938838);"
284,fragen,6,4924943,"INSERT INTO words (id, word, length, frequency) VALUES (284, ""fragen"", 6, 4924943);"
285,deren,5,4904709,"INSERT INTO words (id, word, length, frequency) VALUES (285, ""deren"", 5, 4904709);"
286,worden,6,4851329,"INSERT INTO words (id, word, length, frequency) VALUES (286, ""worden"", 6, 4851329);"
287,weiß,5,4845456,"INSERT INTO words (id, word, length, frequency) VALUES (287, ""weiß"", 5, 4845456);"
288,sollen,6,4844176,"INSERT INTO words (id, word, length, frequency) VALUES (288, ""sollen"", 6, 4844176);"
289,tun,3,4831023,"INSERT INTO words (id, word, length, frequency) VALUES (289, ""tun"", 3, 4831023);"
290,erhalten,8,4797684,"INSERT INTO words (id, word, length, frequency) VALUES (290, ""erhalten"", 8, 4797684);"
291,wegen,5,4793222,"INSERT INTO words (id, word, length, frequency) VALUES (291, ""wegen"", 5, 4793222);"
292,eher,4,4787445,"INSERT INTO words (id, word, length, frequency) VALUES (292, ""eher"", 4, 4787445);"
293,weniger,7,4762414,"INSERT INTO words (id, word, length, frequency) VALUES (293, ""weniger"", 7, 4762414);"
294,direkt,6,4749813,"INSERT INTO words (id, word, length, frequency) VALUES (294, ""direkt"", 6, 4749813);"
295,ebenfalls,9,4725803,"INSERT INTO words (id, word, length, frequency) VALUES (295, ""ebenfalls"", 9, 4725803);"
296,darüber,8,4718361,"INSERT INTO words (id, word, length, frequency) VALUES (296, ""darüber"", 8, 4718361);"
297,ging,4,4699787,"INSERT INTO words (id, word, length, frequency) VALUES (297, ""ging"", 4, 4699787);"
298,Informationen,13,4683845,"INSERT INTO words (id, word, length, frequency) VALUES (298, ""Informationen"", 13, 4683845);"
299,nie,3,4647720,"INSERT INTO words (id, word, length, frequency) VALUES (299, ""nie"", 3, 4647720);"
300,Bereich,7,4645765,"INSERT INTO words (id, word, length, frequency) VALUES (300, ""Bereich"", 7, 4645765);"
301,später,7,4621618,"INSERT INTO words (id, word, length, frequency) VALUES (301, ""später"", 7, 4621618);"
302,ganze,5,4618437,"INSERT INTO words (id, word, length, frequency) VALUES (302, ""ganze"", 5, 4618437);"
303,dich,4,4605431,"INSERT INTO words (id, word, length, frequency) VALUES (303, ""dich"", 4, 4605431);"
304,hin,3,4596921,"INSERT INTO words (id, word, length, frequency) VALUES (304, ""hin"", 3, 4596921);"
305,warum,5,4592933,"INSERT INTO words (id, word, length, frequency) VALUES (305, ""warum"", 5, 4592933);"
306,hab,3,4542170,"INSERT INTO words (id, word, length, frequency) VALUES (306, ""hab"", 3, 4542170);"
307,vier,4,4526227,"INSERT INTO words (id, word, length, frequency) VALUES (307, ""vier"", 4, 4526227);"
308,nehmen,6,4523561,"INSERT INTO words (id, word, length, frequency) VALUES (308, ""nehmen"", 6, 4523561);"
309,sieht,5,4477392,"INSERT INTO words (id, word, length, frequency) VALUES (309, ""sieht"", 5, 4477392);"
310,geschichte,10,4469021,"INSERT INTO words (id, word, length, frequency) VALUES (310, ""geschichte"", 10, 4469021);"
311,je,2,4465469,"INSERT INTO words (id, word, length, frequency) VALUES (311, ""je"", 2, 4465469);"
312,Kunden,6,4458804,"INSERT INTO words (id, word, length, frequency) VALUES (312, ""Kunden"", 6, 4458804);"
313,keinen,6,4430578,"INSERT INTO words (id, word, length, frequency) VALUES (313, ""keinen"", 6, 4430578);"
314,werde,5,4416735,"INSERT INTO words (id, word, length, frequency) VALUES (314, ""werde"", 5, 4416735);"
315,aller,5,4316850,"INSERT INTO words (id, word, length, frequency) VALUES (315, ""aller"", 5, 4316850);"
316,kurz,4,4306376,"INSERT INTO words (id, word, length, frequency) VALUES (316, ""kurz"", 4, 4306376);"
317,Geld,4,4283525,"INSERT INTO words (id, word, length, frequency) VALUES (317, ""Geld"", 4, 4283525);"
318,bekommen,8,4272226,"INSERT INTO words (id, word, length, frequency) VALUES (318, ""bekommen"", 8, 4272226);"
319,gilt,4,4233736,"INSERT INTO words (id, word, length, frequency) VALUES (319, ""gilt"", 4, 4233736);"
320,Möglichkeit,12,4228599,"INSERT INTO words (id, word, length, frequency) VALUES (320, ""Möglichkeit"", 12, 4228599);"
321,nächsten,9,4218301,"INSERT INTO words (id, word, length, frequency) VALUES (321, ""nächsten"", 9, 4218301);"
322,deutlich,8,4209947,"INSERT INTO words (id, word, length, frequency) VALUES (322, ""deutlich"", 8, 4209947);"
323,außerdem,9,4209527,"INSERT INTO words (id, word, length, frequency) VALUES (323, ""außerdem"", 9, 4209527);"
324,Frauen,6,4185904,"INSERT INTO words (id, word, length, frequency) VALUES (324, ""Frauen"", 6, 4185904);"
325,arbeiten,8,4174685,"INSERT INTO words (id, word, length, frequency) VALUES (325, ""arbeiten"", 8, 4174685);"
326,bleibt,6,4169224,"INSERT INTO words (id, word, length, frequency) VALUES (326, ""bleibt"", 6, 4169224);"
327,klar,4,4155264,"INSERT INTO words (id, word, length, frequency) VALUES (327, ""klar"", 4, 4155264);"
328,kaum,4,4143307,"INSERT INTO words (id, word, length, frequency) VALUES (328, ""kaum"", 4, 4143307);"
329,eben,4,4142236,"INSERT INTO words (id, word, length, frequency) VALUES (329, ""eben"", 4, 4142236);"
330,meinen,6,4141756,"INSERT INTO words (id, word, length, frequency) VALUES (330, ""meinen"", 6, 4141756);"
331,wollte,6,4128276,"INSERT INTO words (id, word, length, frequency) VALUES (331, ""wollte"", 6, 4128276);"
332,Ziel,4,4110884,"INSERT INTO words (id, word, length, frequency) VALUES (332, ""Ziel"", 4, 4110884);"
333,Berlin,6,4105881,"INSERT INTO words (id, word, length, frequency) VALUES (333, ""Berlin"", 6, 4105881);"
334,zeigt,5,4077553,"INSERT INTO words (id, word, length, frequency) VALUES (334, ""zeigt"", 5, 4077553);"
335,Mann,4,4038691,"INSERT INTO words (id, word, length, frequency) VALUES (335, ""Mann"", 4, 4038691);"
336,Buch,4,4016717,"INSERT INTO words (id, word, length, frequency) VALUES (336, ""Buch"", 4, 4016717);"
337,rahmen,6,4007146,"INSERT INTO words (id, word, length, frequency) VALUES (337, ""rahmen"", 6, 4007146);"
338,konnten,7,3999445,"INSERT INTO words (id, word, length, frequency) VALUES (338, ""konnten"", 7, 3999445);"
339,besten,6,3981715,"INSERT INTO words (id, word, length, frequency) VALUES (339, ""besten"", 6, 3981715);"
340,bitte,5,3968161,"INSERT INTO words (id, word, length, frequency) VALUES (340, ""bitte"", 5, 3968161);"
341,somit,5,3965725,"INSERT INTO words (id, word, length, frequency) VALUES (341, ""somit"", 5, 3965725);"
342,stand,5,3958287,"INSERT INTO words (id, word, length, frequency) VALUES (342, ""stand"", 5, 3958287);"
343,sagt,4,3935300,"INSERT INTO words (id, word, length, frequency) VALUES (343, ""sagt"", 4, 3935300);"
344,Bild,4,3902028,"INSERT INTO words (id, word, length, frequency) VALUES (344, ""Bild"", 4, 3902028);"
345,darf,4,3898718,"INSERT INTO words (id, word, length, frequency) VALUES (345, ""darf"", 4, 3898718);"
346,Entwicklung,11,3879463,"INSERT INTO words (id, word, length, frequency) VALUES (346, ""Entwicklung"", 11, 3879463);"
347,gehört,7,3873753,"INSERT INTO words (id, word, length, frequency) VALUES (347, ""gehört"", 7, 3873753);"
348,pro,3,3867803,"INSERT INTO words (id, word, length, frequency) VALUES (348, ""pro"", 3, 3867803);"
349,zudem,5,3867229,"INSERT INTO words (id, word, length, frequency) VALUES (349, ""zudem"", 5, 3867229);"
350,wichtig,7,3864527,"INSERT INTO words (id, word, length, frequency) VALUES (350, ""wichtig"", 7, 3864527);"
351,Internet,8,3860873,"INSERT INTO words (id, word, length, frequency) VALUES (351, ""Internet"", 8, 3860873);"
352,Wasser,6,3811133,"INSERT INTO words (id, word, length, frequency) VALUES (352, ""Wasser"", 6, 3811133);"
353,spielen,7,3800809,"INSERT INTO words (id, word, length, frequency) VALUES (353, ""spielen"", 7, 3800809);"
354,bieten,6,3795573,"INSERT INTO words (id, word, length, frequency) VALUES (354, ""bieten"", 6, 3795573);"
355,Tage,4,3768168,"INSERT INTO words (id, word, length, frequency) VALUES (355, ""Tage"", 4, 3768168);"
356,neu,3,3763576,"INSERT INTO words (id, word, length, frequency) VALUES (356, ""neu"", 3, 3763576);"
357,Woche,5,3762257,"INSERT INTO words (id, word, length, frequency) VALUES (357, ""Woche"", 5, 3762257);"
358,Minuten,7,3760781,"INSERT INTO words (id, word, length, frequency) VALUES (358, ""Minuten"", 7, 3760781);"
359,unseren,7,3736115,"INSERT INTO words (id, word, length, frequency) VALUES (359, ""unseren"", 7, 3736115);"
360,stellt,6,3730795,"INSERT INTO words (id, word, length, frequency) VALUES (360, ""stellt"", 6, 3730795);"
361,Verfügung,10,3725323,"INSERT INTO words (id, word, length, frequency) VALUES (361, ""Verfügung"", 10, 3725323);"
362,bisher,6,3721338,"INSERT INTO words (id, word, length, frequency) VALUES (362, ""bisher"", 6, 3721338);"
363,deutsche,8,3716681,"INSERT INTO words (id, word, length, frequency) VALUES (363, ""deutsche"", 8, 3716681);"
364,verschiedenen,13,3711943,"INSERT INTO words (id, word, length, frequency) VALUES (364, ""verschiedenen"", 13, 3711943);"
365,Land,4,3681785,"INSERT INTO words (id, word, length, frequency) VALUES (365, ""Land"", 4, 3681785);"
366,guten,5,3680422,"INSERT INTO words (id, word, length, frequency) VALUES (366, ""guten"", 5, 3680422);"
367,Ort,3,3653903,"INSERT INTO words (id, word, length, frequency) VALUES (367, ""Ort"", 3, 3653903);"
368,schön,6,3647269,"INSERT INTO words (id, word, length, frequency) VALUES (368, ""schön"", 6, 3647269);"
369,gegenüber,10,3612065,"INSERT INTO words (id, word, length, frequency) VALUES (369, ""gegenüber"", 10, 3612065);"
370,solche,6,3611414,"INSERT INTO words (id, word, length, frequency) VALUES (370, ""solche"", 6, 3611414);"
371,kosten,6,3610902,"INSERT INTO words (id, word, length, frequency) VALUES (371, ""kosten"", 6, 3610902);"
372,Form,4,3608743,"INSERT INTO words (id, word, length, frequency) VALUES (372, ""Form"", 4, 3608743);"
373,weit,4,3598391,"INSERT INTO words (id, word, length, frequency) VALUES (373, ""weit"", 4, 3598391);"
374,weiteren,8,3578989,"INSERT INTO words (id, word, length, frequency) VALUES (374, ""weiteren"", 8, 3578989);"
375,Wochen,6,3568594,"INSERT INTO words (id, word, length, frequency) VALUES (375, ""Wochen"", 6, 3568594);"
376,zweiten,7,3564553,"INSERT INTO words (id, word, length, frequency) VALUES (376, ""zweiten"", 7, 3564553);"
377,musste,6,3561457,"INSERT INTO words (id, word, length, frequency) VALUES (377, ""musste"", 6, 3561457);"
378,Haus,4,3560872,"INSERT INTO words (id, word, length, frequency) VALUES (378, ""Haus"", 4, 3560872);"
379,dank,4,3560744,"INSERT INTO words (id, word, length, frequency) VALUES (379, ""dank"", 4, 3560744);"
380,eigene,6,3553191,"INSERT INTO words (id, word, length, frequency) VALUES (380, ""eigene"", 6, 3553191);"
381,meisten,7,3551285,"INSERT INTO words (id, word, length, frequency) VALUES (381, ""meisten"", 7, 3551285);"
382,bleiben,7,3544219,"INSERT INTO words (id, word, length, frequency) VALUES (382, ""bleiben"", 7, 3544219);"
383,insgesamt,9,3535418,"INSERT INTO words (id, word, length, frequency) VALUES (383, ""insgesamt"", 9, 3535418);"
384,Grund,5,3513498,"INSERT INTO words (id, word, length, frequency) VALUES (384, ""Grund"", 5, 3513498);"
385,Problem,7,3504705,"INSERT INTO words (id, word, length, frequency) VALUES (385, ""Problem"", 7, 3504705);"
386,besteht,7,3503102,"INSERT INTO words (id, word, length, frequency) VALUES (386, ""besteht"", 7, 3503102);"
387,sagte,5,3501365,"INSERT INTO words (id, word, length, frequency) VALUES (387, ""sagte"", 5, 3501365);"
388,jede,4,3501343,"INSERT INTO words (id, word, length, frequency) VALUES (388, ""jede"", 4, 3501343);"
389,nachdem,7,3490781,"INSERT INTO words (id, word, length, frequency) VALUES (389, ""nachdem"", 7, 3490781);"
390,ebenso,6,3473497,"INSERT INTO words (id, word, length, frequency) VALUES (390, ""ebenso"", 6, 3473497);"
391,beide,5,3457619,"INSERT INTO words (id, word, length, frequency) VALUES (391, ""beide"", 5, 3457619);"
392,anders,6,3451372,"INSERT INTO words (id, word, length, frequency) VALUES (392, ""anders"", 6, 3451372);"
393,danach,6,3447805,"INSERT INTO words (id, word, length, frequency) VALUES (393, ""danach"", 6, 3447805);"
394,Familie,7,3441632,"INSERT INTO words (id, word, length, frequency) VALUES (394, ""Familie"", 7, 3441632);"
395,meinem,6,3440222,"INSERT INTO words (id, word, length, frequency) VALUES (395, ""meinem"", 6, 3440222);"
396,alten,5,3412261,"INSERT INTO words (id, word, length, frequency) VALUES (396, ""alten"", 5, 3412261);"
397,bringen,7,3412252,"INSERT INTO words (id, word, length, frequency) VALUES (397, ""bringen"", 7, 3412252);"
398,daran,5,3406610,"INSERT INTO words (id, word, length, frequency) VALUES (398, ""daran"", 5, 3406610);"
399,Leute,5,3391322,"INSERT INTO words (id, word, length, frequency) VALUES (399, ""Leute"", 5, 3391322);"
400,aufgrund,8,3387492,"INSERT INTO words (id, word, length, frequency) VALUES (400, ""aufgrund"", 8, 3387492);"
401,Eltern,6,3383464,"INSERT INTO words (id, word, length, frequency) VALUES (401, ""Eltern"", 6, 3383464);"
402,gemeinsam,9,3372745,"INSERT INTO words (id, word, length, frequency) VALUES (402, ""gemeinsam"", 9, 3372745);"
403,sofort,6,3366928,"INSERT INTO words (id, word, length, frequency) VALUES (403, ""sofort"", 6, 3366928);"
404,dessen,6,3338812,"INSERT INTO words (id, word, length, frequency) VALUES (404, ""dessen"", 6, 3338812);"
405,halten,6,3333333,"INSERT INTO words (id, word, length, frequency) VALUES (405, ""halten"", 6, 3333333);"
406,nutzen,6,3324427,"INSERT INTO words (id, word, length, frequency) VALUES (406, ""nutzen"", 6, 3324427);"
407,Hand,4,3323297,"INSERT INTO words (id, word, length, frequency) VALUES (407, ""Hand"", 4, 3323297);"
408,lesen,5,3322683,"INSERT INTO words (id, word, length, frequency) VALUES (408, ""lesen"", 5, 3322683);"
409,leicht,6,3319687,"INSERT INTO words (id, word, length, frequency) VALUES (409, ""leicht"", 6, 3319687);"
410,anfang,6,3317815,"INSERT INTO words (id, word, length, frequency) VALUES (410, ""anfang"", 6, 3317815);"
411,jedem,5,3302711,"INSERT INTO words (id, word, length, frequency) VALUES (411, ""jedem"", 5, 3302711);"
412,bekannt,7,3298956,"INSERT INTO words (id, word, length, frequency) VALUES (412, ""bekannt"", 7, 3298956);"
413,Hilfe,5,3274423,"INSERT INTO words (id, word, length, frequency) VALUES (413, ""Hilfe"", 5, 3274423);"
414,Blick,5,3272376,"INSERT INTO words (id, word, length, frequency) VALUES (414, ""Blick"", 5, 3272376);"
415,schließlich,12,3262337,"INSERT INTO words (id, word, length, frequency) VALUES (415, ""schließlich"", 12, 3262337);"
416,dadurch,7,3255202,"INSERT INTO words (id, word, length, frequency) VALUES (416, ""dadurch"", 7, 3255202);"
417,Zukunft,7,3250708,"INSERT INTO words (id, word, length, frequency) VALUES (417, ""Zukunft"", 7, 3250708);"
418,Namen,5,3250681,"INSERT INTO words (id, word, length, frequency) VALUES (418, ""Namen"", 5, 3250681);"
419,sowohl,6,3246072,"INSERT INTO words (id, word, length, frequency) VALUES (419, ""sowohl"", 6, 3246072);"
420,überhaupt,10,3245872,"INSERT INTO words (id, word, length, frequency) VALUES (420, ""überhaupt"", 10, 3245872);"
421,unserem,7,3243204,"INSERT INTO words (id, word, length, frequency) VALUES (421, ""unserem"", 7, 3243204);"
422,zunächst,9,3218197,"INSERT INTO words (id, word, length, frequency) VALUES (422, ""zunächst"", 9, 3218197);"
423,Stunden,7,3200450,"INSERT INTO words (id, word, length, frequency) VALUES (423, ""Stunden"", 7, 3200450);"
424,hinter,6,3196322,"INSERT INTO words (id, word, length, frequency) VALUES (424, ""hinter"", 6, 3196322);"
425,hast,4,3191932,"INSERT INTO words (id, word, length, frequency) VALUES (425, ""hast"", 4, 3191932);"
426,heißt,6,3173510,"INSERT INTO words (id, word, length, frequency) VALUES (426, ""heißt"", 6, 3173510);"
427,Stelle,6,3158189,"INSERT INTO words (id, word, length, frequency) VALUES (427, ""Stelle"", 6, 3158189);"
428,finde,5,3149917,"INSERT INTO words (id, word, length, frequency) VALUES (428, ""finde"", 5, 3149917);"
429,Einsatz,7,3138992,"INSERT INTO words (id, word, length, frequency) VALUES (429, ""Einsatz"", 7, 3138992);"
430,Team,4,3138169,"INSERT INTO words (id, word, length, frequency) VALUES (430, ""Team"", 4, 3138169);"
431,trotz,5,3136772,"INSERT INTO words (id, word, length, frequency) VALUES (431, ""trotz"", 5, 3136772);"
432,Millionen,9,3131615,"INSERT INTO words (id, word, length, frequency) VALUES (432, ""Millionen"", 9, 3131615);"
433,insbesondere,12,3130207,"INSERT INTO words (id, word, length, frequency) VALUES (433, ""insbesondere"", 12, 3130207);"
434,gewesen,7,3126328,"INSERT INTO words (id, word, length, frequency) VALUES (434, ""gewesen"", 7, 3126328);"
435,Musik,5,3125291,"INSERT INTO words (id, word, length, frequency) VALUES (435, ""Musik"", 5, 3125291);"
436,endlich,7,3109250,"INSERT INTO words (id, word, length, frequency) VALUES (436, ""endlich"", 7, 3109250);"
437,sonst,5,3104335,"INSERT INTO words (id, word, length, frequency) VALUES (437, ""sonst"", 5, 3104335);"
438,weise,5,3086830,"INSERT INTO words (id, word, length, frequency) VALUES (438, ""weise"", 5, 3086830);"
439,per,3,3078550,"INSERT INTO words (id, word, length, frequency) VALUES (439, ""per"", 3, 3078550);"
440,innerhalb,9,3072146,"INSERT INTO words (id, word, length, frequency) VALUES (440, ""innerhalb"", 9, 3072146);"
441,Schule,6,3066170,"INSERT INTO words (id, word, length, frequency) VALUES (441, ""Schule"", 6, 3066170);"
442,fünf,5,3055384,"INSERT INTO words (id, word, length, frequency) VALUES (442, ""fünf"", 5, 3055384);"
443,zeigen,6,3050215,"INSERT INTO words (id, word, length, frequency) VALUES (443, ""zeigen"", 6, 3050215);"
444,fest,4,3048058,"INSERT INTO words (id, word, length, frequency) VALUES (444, ""fest"", 4, 3048058);"
445,ganzen,6,3047065,"INSERT INTO words (id, word, length, frequency) VALUES (445, ""ganzen"", 6, 3047065);"
446,führen,7,3030668,"INSERT INTO words (id, word, length, frequency) VALUES (446, ""führen"", 7, 3030668);"
447,führt,6,3029009,"INSERT INTO words (id, word, length, frequency) VALUES (447, ""führt"", 6, 3029009);"
448,Artikel,7,3015689,"INSERT INTO words (id, word, length, frequency) VALUES (448, ""Artikel"", 7, 3015689);"
449,stark,5,3009799,"INSERT INTO words (id, word, length, frequency) VALUES (449, ""stark"", 5, 3009799);"
450,allein,6,3003250,"INSERT INTO words (id, word, length, frequency) VALUES (450, ""allein"", 6, 3003250);"
451,liegen,6,3002327,"INSERT INTO words (id, word, length, frequency) VALUES (451, ""liegen"", 6, 3002327);"
452,Personen,8,2997780,"INSERT INTO words (id, word, length, frequency) VALUES (452, ""Personen"", 8, 2997780);"
453,Mai,3,2990497,"INSERT INTO words (id, word, length, frequency) VALUES (453, ""Mai"", 3, 2990497);"
454,Seiten,6,2986582,"INSERT INTO words (id, word, length, frequency) VALUES (454, ""Seiten"", 6, 2986582);"
455,oben,4,2974539,"INSERT INTO words (id, word, length, frequency) VALUES (455, ""oben"", 4, 2974539);"
456,trotzdem,8,2972379,"INSERT INTO words (id, word, length, frequency) VALUES (456, ""trotzdem"", 8, 2972379);"
457,Bilder,6,2972005,"INSERT INTO words (id, word, length, frequency) VALUES (457, ""Bilder"", 6, 2972005);"
458,meist,5,2970604,"INSERT INTO words (id, word, length, frequency) VALUES (458, ""meist"", 5, 2970604);"
459,Film,4,2963453,"INSERT INTO words (id, word, length, frequency) VALUES (459, ""Film"", 4, 2963453);"
460,obwohl,6,2961509,"INSERT INTO words (id, word, length, frequency) VALUES (460, ""obwohl"", 6, 2961509);"
461,Daten,5,2961118,"INSERT INTO words (id, word, length, frequency) VALUES (461, ""Daten"", 5, 2961118);"
462,Erfolg,6,2947792,"INSERT INTO words (id, word, length, frequency) VALUES (462, ""Erfolg"", 6, 2947792);"
463,würden,7,2928232,"INSERT INTO words (id, word, length, frequency) VALUES (463, ""würden"", 7, 2928232);"
464,jedes,5,2917818,"INSERT INTO words (id, word, length, frequency) VALUES (464, ""jedes"", 5, 2917818);"
465,kind,4,2909912,"INSERT INTO words (id, word, length, frequency) VALUES (465, ""kind"", 4, 2909912);"
466,verschiedene,12,2893944,"INSERT INTO words (id, word, length, frequency) VALUES (466, ""verschiedene"", 12, 2893944);"
467,Probleme,8,2891222,"INSERT INTO words (id, word, length, frequency) VALUES (467, ""Probleme"", 8, 2891222);"
468,neues,5,2873772,"INSERT INTO words (id, word, length, frequency) VALUES (468, ""neues"", 5, 2873772);"
469,Gott,4,2863320,"INSERT INTO words (id, word, length, frequency) VALUES (469, ""Gott"", 4, 2863320);"
470,hinaus,6,2842870,"INSERT INTO words (id, word, length, frequency) VALUES (470, ""hinaus"", 6, 2842870);"
471,Abend,5,2832415,"INSERT INTO words (id, word, length, frequency) VALUES (471, ""Abend"", 5, 2832415);"
472,mehrere,7,2827323,"INSERT INTO words (id, word, length, frequency) VALUES (472, ""mehrere"", 7, 2827323);"
473,damals,6,2800081,"INSERT INTO words (id, word, length, frequency) VALUES (473, ""damals"", 6, 2800081);"
474,Preis,5,2790545,"INSERT INTO words (id, word, length, frequency) VALUES (474, ""Preis"", 5, 2790545);"
475,lernen,6,2788349,"INSERT INTO words (id, word, length, frequency) VALUES (475, ""lernen"", 6, 2788349);"
476,beispielsweise,14,2778719,"INSERT INTO words (id, word, length, frequency) VALUES (476, ""beispielsweise"", 14, 2778719);"
477,einzelnen,9,2764394,"INSERT INTO words (id, word, length, frequency) VALUES (477, ""einzelnen"", 9, 2764394);"
478,Gruppe,6,2752444,"INSERT INTO words (id, word, length, frequency) VALUES (478, ""Gruppe"", 6, 2752444);"
479,weiterhin,9,2750627,"INSERT INTO words (id, word, length, frequency) VALUES (479, ""weiterhin"", 9, 2750627);"
480,deine,5,2749056,"INSERT INTO words (id, word, length, frequency) VALUES (480, ""deine"", 5, 2749056);"
481,nämlich,8,2745046,"INSERT INTO words (id, word, length, frequency) VALUES (481, ""nämlich"", 8, 2745046);"
482,fand,4,2732164,"INSERT INTO words (id, word, length, frequency) VALUES (482, ""fand"", 4, 2732164);"
483,zumindest,9,2731639,"INSERT INTO words (id, word, length, frequency) VALUES (483, ""zumindest"", 9, 2731639);"
484,Juni,4,2724050,"INSERT INTO words (id, word, length, frequency) VALUES (484, ""Juni"", 4, 2724050);"
485,Richtung,8,2722964,"INSERT INTO words (id, word, length, frequency) VALUES (485, ""Richtung"", 8, 2722964);"
486,gesagt,6,2718966,"INSERT INTO words (id, word, length, frequency) VALUES (486, ""gesagt"", 6, 2718966);"
487,hallo,5,2718329,"INSERT INTO words (id, word, length, frequency) VALUES (487, ""hallo"", 5, 2718329);"
488,Gesellschaft,12,2700958,"INSERT INTO words (id, word, length, frequency) VALUES (488, ""Gesellschaft"", 12, 2700958);"
489,mitarbeiter,11,2696934,"INSERT INTO words (id, word, length, frequency) VALUES (489, ""mitarbeiter"", 11, 2696934);"
490,einigen,7,2696295,"INSERT INTO words (id, word, length, frequency) VALUES (490, ""einigen"", 7, 2696295);"
491,lang,4,2695926,"INSERT INTO words (id, word, length, frequency) VALUES (491, ""lang"", 4, 2695926);"
492,schwer,6,2693690,"INSERT INTO words (id, word, length, frequency) VALUES (492, ""schwer"", 6, 2693690);"
493,hoch,4,2676379,"INSERT INTO words (id, word, length, frequency) VALUES (493, ""hoch"", 4, 2676379);"
494,Programm,8,2674749,"INSERT INTO words (id, word, length, frequency) VALUES (494, ""Programm"", 8, 2674749);"
495,Augen,5,2673973,"INSERT INTO words (id, word, length, frequency) VALUES (495, ""Augen"", 5, 2673973);"
496,welches,7,2670552,"INSERT INTO words (id, word, length, frequency) VALUES (496, ""welches"", 7, 2670552);"
497,dennoch,7,2669196,"INSERT INTO words (id, word, length, frequency) VALUES (497, ""dennoch"", 7, 2669196);"
498,geworden,8,2663559,"INSERT INTO words (id, word, length, frequency) VALUES (498, ""geworden"", 8, 2663559);"
499,Rolle,5,2658202,"INSERT INTO words (id, word, length, frequency) VALUES (499, ""Rolle"", 5, 2658202);"
500,wert,4,2651066,"INSERT INTO words (id, word, length, frequency) VALUES (500, ""wert"", 4, 2651066);"
